ws_promo_sk,ws_wholesale_cost,ws_list_price,tpcds-1m-wsales_rate
1,22.825905,45.869446,0.08695652173913043
1,52.318268,103.52516,0.08695652173913043
1,69.88231,146.80173,0.08695652173913043
1,72.82651,154.0754,0.08695652173913043
2,70.74398,154.38,0.06896551724137931
2,38.30432,77.019516,0.06896551724137931
2,34.90385,75.16348,0.06896551724137931
2,57.087166,121.57656,0.06896551724137931
3,41.07576,80.590805,0.08
3,50.542854,103.15505,0.08
3,52.045567,105.16595,0.08
3,47.5513,94.053635,0.08
4,31.987606,63.763107,0.10869565217391304
4,32.45152,68.898,0.10869565217391304
4,92.17144,211.6862,0.10869565217391304
4,80.02627,171.89012,0.10869565217391304
4,45.852932,92.65217,0.10869565217391304
5,45.615215,92.15864,0.1111111111111111
5,70.425224,156.21916,0.1111111111111111
5,63.16368,132.17986,0.1111111111111111
5,53.10683,109.28872,0.1111111111111111
6,61.148384,129.91132,0.07547169811320754
6,56.463623,121.16951,0.07547169811320754
6,41.26508,86.73321,0.07547169811320754
6,68.75836,151.95801,0.07547169811320754
7,75.7707,165.50653,0.07692307692307693
7,75.04809,166.25455,0.07692307692307693
7,70.61584,153.70494,0.07692307692307693
7,53.08971,108.64172,0.07692307692307693
8,27.347824,60.60725,0.125
8,47.717262,101.28485,0.125
8,57.369583,122.20658,0.125
8,44.65952,93.94637,0.125
8,20.263657,46.53201,0.125
9,75.961845,169.29082,0.1111111111111111
9,49.82866,100.618195,0.1111111111111111
9,37.378376,75.03512,0.1111111111111111
9,28.355337,56.563778,0.1111111111111111
9,32.187416,66.56887,0.1111111111111111
10,43.110462,92.150734,0.1111111111111111
10,22.336775,51.46895,0.1111111111111111
10,73.32023,162.88179,0.1111111111111111
10,25.249083,53.505657,0.1111111111111111
10,19.803146,51.62791,0.1111111111111111
11,58.78713,118.90911,0.05084745762711865
11,74.606415,163.11313,0.05084745762711865
11,24.527493,50.740765,0.05084745762711865
12,73.40867,157.62126,0.11904761904761904
12,47.3527,102.90732,0.11904761904761904
12,57.79968,121.18338,0.11904761904761904
12,42.30196,87.998344,0.11904761904761904
12,72.72929,160.8635,0.11904761904761904
13,53.06326,108.78619,0.08333333333333333
13,35.010216,68.516495,0.08333333333333333
13,45.310444,93.504944,0.08333333333333333
13,78.951775,178.1866,0.08333333333333333
14,51.23392,111.106735,0.09433962264150944
14,63.243687,138.08385,0.09433962264150944
14,80.854996,187.69771,0.09433962264150944
14,69.0657,148.62613,0.09433962264150944
14,33.0386,70.89685,0.09433962264150944
15,26.880087,57.164665,0.08163265306122448
15,56.538975,114.554085,0.08163265306122448
15,59.964962,121.88796,0.08163265306122448
15,45.68878,93.9415,0.08163265306122448
16,66.336006,140.75424,0.0847457627118644
16,76.609955,172.42465,0.0847457627118644
16,82.37873,187.17596,0.0847457627118644
16,44.690228,93.16532,0.0847457627118644
16,46.862255,101.24092,0.0847457627118644
17,51.557453,107.62608,0.1282051282051282
17,67.284294,149.5834,0.1282051282051282
17,60.262028,124.462746,0.1282051282051282
17,76.81325,179.38084,0.1282051282051282
17,25.161856,49.741283,0.1282051282051282
18,54.42733,115.21618,0.11428571428571428
18,59.82359,126.19101,0.11428571428571428
18,45.372684,95.594215,0.11428571428571428
18,60.942398,128.21677,0.11428571428571428
19,61.27619,128.83902,0.11904761904761904
19,51.045483,104.09645,0.11904761904761904
19,50.367443,105.53095,0.11904761904761904
19,30.179432,60.628773,0.11904761904761904
19,45.036022,90.008675,0.11904761904761904
20,79.8975,179.9418,0.10810810810810811
20,65.60414,138.14864,0.10810810810810811
20,36.11771,76.96708,0.10810810810810811
20,19.495337,49.0219,0.10810810810810811
21,22.022116,47.44317,0.11627906976744186
21,60.941402,130.7915,0.11627906976744186
21,27.980726,59.764553,0.11627906976744186
21,66.99485,144.79845,0.11627906976744186
21,61.27835,130.11493,0.11627906976744186
22,44.010735,95.1637,0.07407407407407407
22,64.84303,145.48122,0.07407407407407407
22,59.92935,132.88986,0.07407407407407407
22,56.369946,123.83503,0.07407407407407407
23,78.12249,181.95586,0.0847457627118644
23,49.80044,102.17092,0.0847457627118644
23,77.26666,173.48405,0.0847457627118644
23,38.682846,78.547485,0.0847457627118644
23,60.679993,126.70444,0.0847457627118644
24,30.659805,70.37516,0.0784313725490196
24,67.52016,148.66107,0.0784313725490196
24,83.69572,194.17967,0.0784313725490196
24,76.79026,174.52757,0.0784313725490196
25,40.4317,81.454765,0.08888888888888889
25,29.49502,60.793022,0.08888888888888889
25,42.63785,87.627106,0.08888888888888889
25,24.905546,51.986465,0.08888888888888889
26,73.41144,166.64865,0.10638297872340426
26,32.005875,63.085434,0.10638297872340426
26,69.4446,152.16649,0.10638297872340426
26,81.03516,190.237,0.10638297872340426
26,42.42758,94.15714,0.10638297872340426
27,19.141018,44.24562,0.11904761904761904
27,57.953842,118.68351,0.11904761904761904
27,36.80735,77.311935,0.11904761904761904
27,48.804184,101.51483,0.11904761904761904
27,29.349255,64.389595,0.11904761904761904
28,69.61834,153.49155,0.08163265306122448
28,63.028824,135.77003,0.08163265306122448
28,43.759808,95.92346,0.08163265306122448
28,35.37124,77.18407,0.08163265306122448
29,47.107513,99.38491,0.08620689655172414
29,70.34842,156.80196,0.08620689655172414
29,59.974457,125.33258,0.08620689655172414
29,67.6667,148.66435,0.08620689655172414
29,72.961845,165.86266,0.08620689655172414
30,46.241547,97.69761,0.08333333333333333
30,44.929188,100.68234,0.08333333333333333
30,43.334476,95.52314,0.08333333333333333
30,56.781536,122.83009,0.08333333333333333
31,43.957397,92.00292,0.0975609756097561
31,71.92946,162.87184,0.0975609756097561
31,24.543594,53.89509,0.0975609756097561
31,82.83882,189.62045,0.0975609756097561
32,18.096577,47.918335,0.09090909090909091
32,31.877796,73.38482,0.09090909090909091
32,69.51939,153.3965,0.09090909090909091
32,23.303438,58.317978,0.09090909090909091
33,37.46176,76.75708,0.125
33,20.467396,40.33047,0.125
33,73.35877,159.40193,0.125
33,36.697937,75.16775,0.125
33,47.407185,98.90633,0.125
34,75.00431,166.78673,0.07547169811320754
34,56.641846,118.314995,0.07547169811320754
34,64.90076,133.09761,0.07547169811320754
34,28.173843,62.482937,0.07547169811320754
35,65.42835,132.30765,0.07547169811320754
35,32.139305,61.88712,0.07547169811320754
35,46.765053,93.66527,0.07547169811320754
35,64.3952,131.39595,0.07547169811320754
36,75.782936,167.92845,0.08333333333333333
36,41.947826,85.548195,0.08333333333333333
36,45.762703,92.92568,0.08333333333333333
36,84.70791,191.27567,0.08333333333333333
37,48.27414,105.93091,0.0784313725490196
37,43.425175,89.40027,0.0784313725490196
37,65.653496,137.31844,0.0784313725490196
37,38.112923,80.08763,0.0784313725490196
38,29.321838,65.45825,0.09803921568627451
38,31.215277,67.15533,0.09803921568627451
38,56.82096,119.37895,0.09803921568627451
38,24.426863,56.87876,0.09803921568627451
38,74.277664,160.86429,0.09803921568627451
39,64.70425,134.757,0.07936507936507936
39,70.05761,147.27148,0.07936507936507936
39,24.258888,51.75938,0.07936507936507936
39,35.317093,73.850075,0.07936507936507936
39,89.30852,208.03656,0.07936507936507936
40,48.876354,103.74797,0.07692307692307693
40,45.324474,96.51521,0.07692307692307693
40,55.461975,117.00916,0.07692307692307693
40,39.205975,82.94122,0.07692307692307693
41,23.658377,50.834244,0.1111111111111111
41,64.25119,134.9275,0.1111111111111111
41,33.1595,71.01578,0.1111111111111111
41,12.646388,32.97243,0.1111111111111111
41,17.353142,42.524334,0.1111111111111111
42,52.60645,109.71276,0.10204081632653061
42,69.58137,158.89828,0.10204081632653061
42,60.77325,131.63364,0.10204081632653061
42,53.25697,115.99814,0.10204081632653061
42,29.086565,65.43678,0.10204081632653061
43,36.78361,73.46904,0.10638297872340426
43,74.95459,166.17735,0.10638297872340426
43,64.95768,131.94365,0.10638297872340426
43,48.27648,96.594604,0.10638297872340426
43,38.769028,77.44124,0.10638297872340426
44,45.46164,95.22383,0.06779661016949153
44,31.898232,65.70476,0.06779661016949153
44,81.55905,186.03471,0.06779661016949153
44,33.904957,71.18758,0.06779661016949153
45,24.563549,56.247635,0.11363636363636363
45,64.47763,136.91136,0.11363636363636363
45,40.801983,86.60709,0.11363636363636363
45,26.151773,60.646984,0.11363636363636363
45,35.940826,76.81225,0.11363636363636363
46,58.300552,125.69257,0.10638297872340426
46,21.370302,52.55866,0.10638297872340426
46,79.340576,177.2361,0.10638297872340426
46,65.80729,144.1026,0.10638297872340426
46,68.07416,148.73024,0.10638297872340426
47,31.806944,64.87851,0.057692307692307696
47,16.745176,37.569267,0.057692307692307696
47,54.194847,113.00712,0.057692307692307696
48,36.381927,79.70911,0.125
48,46.40942,99.00669,0.125
48,48.75707,101.963356,0.125
48,40.744293,84.99624,0.125
48,85.82603,196.81503,0.125
49,46.6006,96.326805,0.08333333333333333
49,40.52506,86.46039,0.08333333333333333
49,43.96893,97.020615,0.08333333333333333
49,37.857403,77.65767,0.08333333333333333
50,72.21131,160.89769,0.13513513513513514
50,47.233776,100.55861,0.13513513513513514
50,55.969975,119.28734,0.13513513513513514
50,71.61594,158.9087,0.13513513513513514
50,34.564423,79.641716,0.13513513513513514
51,28.510086,57.06878,0.06557377049180328
51,29.218872,60.826405,0.06557377049180328
51,62.603138,127.67306,0.06557377049180328
51,23.991856,47.359467,0.06557377049180328
52,79.958046,181.31906,0.08771929824561403
52,52.80922,112.15974,0.08771929824561403
52,31.791609,67.60575,0.08771929824561403
52,73.9905,164.80107,0.08771929824561403
52,64.47923,137.52794,0.08771929824561403
53,47.302288,100.57054,0.0784313725490196
53,46.566936,100.1226,0.0784313725490196
53,64.63344,141.10658,0.0784313725490196
53,49.453556,104.95154,0.0784313725490196
54,55.589027,121.91336,0.15
54,32.652245,72.40996,0.15
54,80.82706,183.67648,0.15
54,50.58522,108.18666,0.15
54,16.840946,41.46993,0.15
54,66.633835,148.81833,0.15
55,54.566082,112.60177,0.07407407407407407
55,96.43292,238.30548,0.07407407407407407
55,41.09861,83.16714,0.07407407407407407
55,20.128038,43.67093,0.07407407407407407
56,45.0097,96.768654,0.11363636363636363
56,29.998072,66.56423,0.11363636363636363
56,55.13138,121.98318,0.11363636363636363
56,59.70996,128.44307,0.11363636363636363
56,22.96309,52.81602,0.11363636363636363
57,36.21693,81.07884,0.07142857142857142
57,58.15775,124.0034,0.07142857142857142
57,19.385435,44.3207,0.07142857142857142
57,24.286089,53.01127,0.07142857142857142
58,69.98898,152.47954,0.07142857142857142
58,26.333189,61.93546,0.07142857142857142
58,60.679337,131.83296,0.07142857142857142
58,16.885437,43.506504,0.07142857142857142
59,21.306107,43.971607,0.0975609756097561
59,71.756294,159.16338,0.0975609756097561
59,70.134056,150.27527,0.0975609756097561
59,49.712025,102.16225,0.0975609756097561
60,23.96133,56.59481,0.09090909090909091
60,79.77859,184.314,0.09090909090909091
60,66.84778,145.88054,0.09090909090909091
60,32.40509,70.47636,0.09090909090909091
60,45.276867,100.51732,0.09090909090909091
61,50.689247,108.820366,0.08888888888888889
61,55.60595,121.57336,0.08888888888888889
61,20.185785,52.062702,0.08888888888888889
61,61.521893,132.41606,0.08888888888888889
62,60.32752,131.79303,0.1
62,42.15537,91.46722,0.1
62,65.45839,142.01918,0.1
62,47.09295,106.6411,0.1
63,67.81457,144.8431,0.09090909090909091
63,65.52781,144.24478,0.09090909090909091
63,54.781498,115.42895,0.09090909090909091
63,70.9475,155.35048,0.09090909090909091
64,36.655327,79.9504,0.08
64,21.235542,52.412384,0.08
64,69.39397,155.12303,0.08
64,32.159573,71.43867,0.08
65,64.70441,135.7289,0.0851063829787234
65,71.7504,152.63507,0.0851063829787234
65,16.183352,39.781815,0.0851063829787234
65,53.310192,107.665344,0.0851063829787234
66,40.399387,80.80521,0.1
66,36.51607,73.20393,0.1
66,48.486244,100.55796,0.1
66,56.605324,113.14596,0.1
66,32.346153,65.626434,0.1
67,79.01683,184.92332,0.08
67,85.947815,199.08452,0.08
67,66.86294,142.55382,0.08
67,31.36941,66.541046,0.08
68,64.242386,132.25128,0.07692307692307693
68,35.730312,76.049576,0.07692307692307693
68,83.64944,182.16867,0.07692307692307693
68,68.78494,144.40498,0.07692307692307693
69,76.749,170.59146,0.06896551724137931
69,35.874256,75.0238,0.06896551724137931
69,68.666084,147.80833,0.06896551724137931
69,49.505695,105.51259,0.06896551724137931
70,67.20741,141.25342,0.07692307692307693
70,67.64331,149.20386,0.07692307692307693
70,17.641487,42.584328,0.07692307692307693
70,30.66301,71.38677,0.07692307692307693
71,46.149693,97.45263,0.1111111111111111
71,60.088055,128.08592,0.1111111111111111
71,74.685745,159.27522,0.1111111111111111
71,60.01796,129.56667,0.1111111111111111
71,77.53504,170.59123,0.1111111111111111
71,40.74518,87.575584,0.1111111111111111
72,20.087368,48.89979,0.07017543859649122
72,31.433258,67.58763,0.07017543859649122
72,31.162447,70.05339,0.07017543859649122
72,29.410275,62.816486,0.07017543859649122
73,79.264404,172.59605,0.08
73,69.911995,150.86598,0.08
73,22.033588,45.316948,0.08
73,41.127926,83.614105,0.08
74,70.584366,147.88095,0.1
74,39.632454,79.361824,0.1
74,30.91222,63.206043,0.1
74,23.350365,52.081024,0.1
74,72.59138,151.59544,0.1
75,77.72781,168.03775,0.11627906976744186
75,71.67086,147.66997,0.11627906976744186
75,74.787186,154.35817,0.11627906976744186
75,62.04339,128.63887,0.11627906976744186
75,53.26401,108.680084,0.11627906976744186
76,26.760054,60.34008,0.09433962264150944
76,59.76965,125.361244,0.09433962264150944
76,57.871563,119.771416,0.09433962264150944
76,85.41602,193.73112,0.09433962264150944
76,56.782562,117.3487,0.09433962264150944
77,24.508532,53.394035,0.07407407407407407
77,48.113953,99.94944,0.07407407407407407
77,33.020653,70.7767,0.07407407407407407
77,78.81425,176.90858,0.07407407407407407
78,11.226229,29.113152,0.08888888888888889
78,48.9647,104.21498,0.08888888888888889
78,36.400322,80.040665,0.08888888888888889
78,63.118664,134.52496,0.08888888888888889
79,60.566692,126.9257,0.09803921568627451
79,36.821476,78.72741,0.09803921568627451
79,66.205986,140.60669,0.09803921568627451
79,38.76164,83.56131,0.09803921568627451
79,15.144411,37.51085,0.09803921568627451
80,57.1188,122.90092,0.0851063829787234
80,25.8,58.740314,0.0851063829787234
80,62.31938,137.41316,0.0851063829787234
80,21.928751,53.95454,0.0851063829787234
81,61.602184,127.698944,0.09302325581395349
81,56.46394,115.91348,0.09302325581395349
81,49.560272,102.797134,0.09302325581395349
81,77.88731,173.2514,0.09302325581395349
82,40.933197,85.291084,0.08333333333333333
82,44.08597,96.52016,0.08333333333333333
82,70.05155,150.54018,0.08333333333333333
82,70.9941,149.74602,0.08333333333333333
83,71.46386,150.64146,0.08333333333333333
83,55.51248,115.1905,0.08333333333333333
83,43.04882,88.80446,0.08333333333333333
83,43.005302,90.10185,0.08333333333333333
84,48.64408,102.46687,0.11904761904761904
84,47.36328,99.51248,0.11904761904761904
84,81.03606,181.78261,0.11904761904761904
84,60.033607,127.39806,0.11904761904761904
84,62.453857,129.36926,0.11904761904761904
85,86.31393,198.0731,0.08333333333333333
85,37.14684,79.813805,0.08333333333333333
85,49.111088,101.067055,0.08333333333333333
85,9.851581,30.821747,0.08333333333333333
86,41.536266,91.5734,0.10869565217391304
86,71.558556,164.81352,0.10869565217391304
86,69.05411,150.74113,0.10869565217391304
86,31.173384,68.49413,0.10869565217391304
86,49.572445,109.68627,0.10869565217391304
87,43.62027,92.52803,0.08
87,24.398832,55.183018,0.08
87,28.560043,63.570263,0.08
87,68.723175,152.05785,0.08
88,46.380577,99.68568,0.08695652173913043
88,33.159134,75.26659,0.08695652173913043
88,57.94823,125.31523,0.08695652173913043
88,54.426163,118.78034,0.08695652173913043
89,67.50249,144.57983,0.11904761904761904
89,41.877712,85.386,0.11904761904761904
89,54.752903,112.33593,0.11904761904761904
89,47.054337,97.441284,0.11904761904761904
89,32.41579,65.45495,0.11904761904761904
90,21.239933,48.91991,0.11363636363636363
90,40.325073,89.731346,0.11363636363636363
90,50.720055,106.7726,0.11363636363636363
90,75.566635,167.3954,0.11363636363636363
90,63.301804,133.21211,0.11363636363636363
91,25.797878,58.48645,0.08695652173913043
91,72.08663,158.24551,0.08695652173913043
91,62.869247,134.10385,0.08695652173913043
91,90.58,211.18108,0.08695652173913043
92,42.433487,92.618965,0.0784313725490196
92,61.782516,129.82036,0.0784313725490196
92,22.727783,54.222904,0.0784313725490196
92,30.161127,66.82672,0.0784313725490196
93,46.936726,102.816475,0.08333333333333333
93,67.64619,143.28831,0.08333333333333333
93,42.05153,89.50076,0.08333333333333333
93,53.438908,112.11691,0.08333333333333333
94,42.551357,90.35489,0.08333333333333333
94,62.57976,137.21175,0.08333333333333333
94,48.030746,104.01006,0.08333333333333333
94,32.62881,69.68574,0.08333333333333333
95,24.51787,54.799717,0.15789473684210525
95,72.003334,162.30759,0.15789473684210525
95,41.512768,90.50079,0.15789473684210525
95,32.742107,68.03617,0.15789473684210525
95,54.74212,114.64374,0.15789473684210525
95,44.20083,93.36968,0.15789473684210525
96,10.592205,34.244595,0.08163265306122448
96,24.585209,55.306274,0.08163265306122448
96,79.3252,180.8819,0.08163265306122448
96,42.039845,90.65413,0.08163265306122448
97,46.428307,93.88791,0.09259259259259259
97,29.120481,56.269115,0.09259259259259259
97,55.78119,110.727974,0.09259259259259259
97,58.460007,117.05042,0.09259259259259259
97,69.03634,145.37085,0.09259259259259259
98,32.78565,73.18967,0.06976744186046512
98,42.465916,87.81469,0.06976744186046512
98,49.07066,100.94859,0.06976744186046512
99,15.737792,32.24529,0.09615384615384616
99,41.065166,84.127846,0.09615384615384616
99,52.917736,104.27644,0.09615384615384616
99,19.605305,40.705383,0.09615384615384616
99,70.892296,148.52165,0.09615384615384616
100,18.760042,38.62548,0.08163265306122448
100,54.83415,110.46767,0.08163265306122448
100,72.18695,148.24033,0.08163265306122448
100,56.14998,117.02864,0.08163265306122448
101,66.62558,142.71318,0.09090909090909091
101,41.143715,89.587074,0.09090909090909091
101,65.786766,137.82138,0.09090909090909091
101,77.0008,170.0757,0.09090909090909091
102,51.517506,110.20342,0.07407407407407407
102,44.51274,96.05594,0.07407407407407407
102,39.72443,85.72178,0.07407407407407407
102,48.865948,107.46057,0.07407407407407407
103,73.23991,159.512,0.07547169811320754
103,24.670425,54.739307,0.07547169811320754
103,46.565067,94.9908,0.07547169811320754
103,57.920174,120.00365,0.07547169811320754
104,57.783054,122.91456,0.09090909090909091
104,47.781834,100.97024,0.09090909090909091
104,72.356445,159.85606,0.09090909090909091
104,46.62623,97.31595,0.09090909090909091
104,71.642654,155.31714,0.09090909090909091
104,79.16078,171.68591,0.09090909090909091
105,33.20687,69.27745,0.09090909090909091
105,10.984788,32.14523,0.09090909090909091
105,63.31499,132.54259,0.09090909090909091
105,40.709778,84.38193,0.09090909090909091
106,80.20652,180.73564,0.11627906976744186
106,42.096474,91.63345,0.11627906976744186
106,49.436676,105.303795,0.11627906976744186
106,42.490448,86.84237,0.11627906976744186
106,16.105934,37.561623,0.11627906976744186
107,58.245205,119.01384,0.07547169811320754
107,72.00365,148.27892,0.07547169811320754
107,32.294197,66.280334,0.07547169811320754
107,66.658295,135.25453,0.07547169811320754
108,53.199528,112.2846,0.12195121951219512
108,30.84023,63.988815,0.12195121951219512
108,79.46667,175.92813,0.12195121951219512
108,59.147762,125.946495,0.12195121951219512
108,64.99261,134.72952,0.12195121951219512
109,83.73358,190.54416,0.09523809523809523
109,63.1171,134.84702,0.09523809523809523
109,27.28877,59.883453,0.09523809523809523
109,39.93528,85.168365,0.09523809523809523
110,50.27924,112.53576,0.061224489795918366
110,73.03026,163.05637,0.061224489795918366
110,74.524216,171.95857,0.061224489795918366
111,67.85495,143.27055,0.08888888888888889
111,77.72035,173.0806,0.08888888888888889
111,79.705925,172.7975,0.08888888888888889
111,63.559525,132.90157,0.08888888888888889
112,75.71737,167.00113,0.08888888888888889
112,56.130466,119.67033,0.08888888888888889
112,98.59077,233.64188,0.08888888888888889
112,53.00426,112.41007,0.08888888888888889
113,49.55912,99.82471,0.07407407407407407
113,54.27042,113.31299,0.07407407407407407
113,80.589935,181.44223,0.07407407407407407
113,27.588081,56.467175,0.07407407407407407
114,35.345562,77.78397,0.11363636363636363
114,37.878086,81.94617,0.11363636363636363
114,75.29196,169.41263,0.11363636363636363
114,53.12082,114.20742,0.11363636363636363
114,65.51423,136.23035,0.11363636363636363
115,62.458076,126.96338,0.07547169811320754
115,49.815643,99.89702,0.07547169811320754
115,43.72589,87.38722,0.07547169811320754
115,70.45707,143.1121,0.07547169811320754
116,27.718262,56.719677,0.08928571428571429
116,65.99197,139.81331,0.08928571428571429
116,58.551506,122.85268,0.08928571428571429
116,74.23971,163.1832,0.08928571428571429
116,51.37909,107.01474,0.08928571428571429
117,58.29645,122.20426,0.09523809523809523
117,40.26647,83.86484,0.09523809523809523
117,69.11916,148.04605,0.09523809523809523
117,67.21204,145.67671,0.09523809523809523
118,27.285944,58.700768,0.09090909090909091
118,59.333027,129.50539,0.09090909090909091
118,42.58725,89.44327,0.09090909090909091
118,54.55158,119.95289,0.09090909090909091
118,56.552017,125.24095,0.09090909090909091
119,78.79332,177.6311,0.0851063829787234
119,70.25812,148.30803,0.0851063829787234
119,29.692295,58.6279,0.0851063829787234
119,59.928955,123.77249,0.0851063829787234
120,37.66068,79.12529,0.09090909090909091
120,62.624405,132.57794,0.09090909090909091
120,35.250156,75.04779,0.09090909090909091
120,45.04067,98.64685,0.09090909090909091
120,40.612793,84.14831,0.09090909090909091
121,37.33992,77.99772,0.06779661016949153
121,24.027645,52.27417,0.06779661016949153
121,36.00318,74.1974,0.06779661016949153
121,72.66569,157.00414,0.06779661016949153
122,53.155247,116.89845,0.09259259259259259
122,23.839424,56.6382,0.09259259259259259
122,28.024376,59.174713,0.09259259259259259
122,49.47133,107.85634,0.09259259259259259
122,16.17311,44.360687,0.09259259259259259
123,25.290592,48.838036,0.08163265306122448
123,88.27242,207.00249,0.08163265306122448
123,62.651386,130.07996,0.08163265306122448
123,75.50673,163.90515,0.08163265306122448
124,71.72988,157.01634,0.07272727272727272
124,74.31857,160.74608,0.07272727272727272
124,21.328617,51.27379,0.07272727272727272
124,63.30869,133.15488,0.07272727272727272
125,62.554897,134.54921,0.09615384615384616
125,79.072845,176.69461,0.09615384615384616
125,60.4956,131.85258,0.09615384615384616
125,25.09243,55.495205,0.09615384615384616
125,73.20146,164.1452,0.09615384615384616
126,40.75375,92.24207,0.05714285714285714
126,26.044327,60.751476,0.05714285714285714
126,67.20159,150.4381,0.05714285714285714
126,54.657394,118.93342,0.05714285714285714
127,42.987835,87.63208,0.0784313725490196
127,72.751755,154.72018,0.0784313725490196
127,30.673647,63.970695,0.0784313725490196
127,78.50051,178.3081,0.0784313725490196
128,31.415304,68.97666,0.06451612903225806
128,62.145683,132.85641,0.06451612903225806
128,68.820816,157.13353,0.06451612903225806
128,23.595497,56.251827,0.06451612903225806
129,31.279406,61.54178,0.0784313725490196
129,44.929966,87.08668,0.0784313725490196
129,54.93261,109.60247,0.0784313725490196
129,41.554733,84.868256,0.0784313725490196
130,37.49235,76.00577,0.06153846153846154
130,31.047915,62.578636,0.06153846153846154
130,32.398087,64.70247,0.06153846153846154
130,82.575325,188.85255,0.06153846153846154
131,83.33041,187.34091,0.08888888888888889
131,54.39608,107.6672,0.08888888888888889
131,64.28036,129.32755,0.08888888888888889
131,19.013504,39.043533,0.08888888888888889
132,42.248768,86.70633,0.0851063829787234
132,70.29225,147.88202,0.0851063829787234
132,34.02179,68.33054,0.0851063829787234
132,61.263275,124.18536,0.0851063829787234
133,32.35938,68.107285,0.0784313725490196
133,23.506401,50.305832,0.0784313725490196
133,69.7143,151.43588,0.0784313725490196
133,68.64978,145.1048,0.0784313725490196
134,26.700588,58.28075,0.08771929824561403
134,88.26827,215.91516,0.08771929824561403
134,63.86536,138.3748,0.08771929824561403
134,50.219444,106.57487,0.08771929824561403
134,23.456642,52.365276,0.08771929824561403
135,63.27263,132.54639,0.13157894736842105
135,11.212887,28.238503,0.13157894736842105
135,75.15215,165.54437,0.13157894736842105
135,18.514433,39.715595,0.13157894736842105
135,31.069174,63.214645,0.13157894736842105
136,76.6985,172.01283,0.06
136,85.807526,194.89929,0.06
136,34.939728,71.50705,0.06
137,20.045557,41.886017,0.1
137,65.14713,131.60587,0.1
137,69.07081,141.42867,0.1
137,71.0471,150.49199,0.1
137,63.178436,129.34813,0.1
138,76.757774,167.52196,0.08771929824561403
138,32.545036,67.67857,0.08771929824561403
138,49.835625,100.830795,0.08771929824561403
138,28.051487,58.307133,0.08771929824561403
138,26.264608,54.908474,0.08771929824561403
139,69.54933,138.09721,0.08163265306122448
139,18.53103,38.564877,0.08163265306122448
139,59.719273,116.14513,0.08163265306122448
139,38.509235,73.21691,0.08163265306122448
140,78.58197,170.96312,0.1388888888888889
140,38.111496,77.52915,0.1388888888888889
140,73.99573,152.4008,0.1388888888888889
140,45.427876,88.64955,0.1388888888888889
140,34.01442,67.71253,0.1388888888888889
141,57.46465,119.44818,0.07017543859649122
141,45.81646,90.81933,0.07017543859649122
141,32.08011,68.94844,0.07017543859649122
141,47.155228,96.72562,0.07017543859649122
142,49.991695,104.82571,0.07547169811320754
142,49.82721,102.77525,0.07547169811320754
142,36.371914,77.73507,0.07547169811320754
142,51.324093,104.19812,0.07547169811320754
143,73.40248,156.72763,0.11363636363636363
143,28.092323,55.958897,0.11363636363636363
143,23.731482,48.093517,0.11363636363636363
143,47.66848,95.84616,0.11363636363636363
143,41.458515,86.56777,0.11363636363636363
144,50.563057,104.95978,0.08163265306122448
144,55.440372,116.15737,0.08163265306122448
144,42.398464,83.56597,0.08163265306122448
144,41.918114,86.086754,0.08163265306122448
145,40.95636,85.61368,0.16666666666666666
145,36.111183,76.570244,0.16666666666666666
145,32.52326,67.10447,0.16666666666666666
145,84.650986,198.77374,0.16666666666666666
145,59.453835,126.89551,0.16666666666666666
145,53.947857,113.556694,0.16666666666666666
146,66.93968,149.70312,0.09259259259259259
146,61.665066,135.27376,0.09259259259259259
146,38.47403,81.16459,0.09259259259259259
146,75.13695,170.66673,0.09259259259259259
146,65.81222,140.50687,0.09259259259259259
147,56.090057,116.42546,0.125
147,68.05341,141.9051,0.125
147,27.55829,53.669495,0.125
147,39.33033,79.40302,0.125
147,37.92755,75.33907,0.125
148,17.030249,41.46667,0.08695652173913043
148,72.78455,161.3258,0.08695652173913043
148,25.336157,54.237225,0.08695652173913043
148,48.15042,99.67611,0.08695652173913043
149,12.675773,32.86383,0.1388888888888889
149,66.09179,141.9643,0.1388888888888889
149,67.95596,148.84277,0.1388888888888889
149,67.901146,155.41739,0.1388888888888889
149,59.59251,127.67238,0.1388888888888889
150,58.479263,127.70942,0.06349206349206349
150,65.78273,144.09294,0.06349206349206349
150,66.310585,147.32849,0.06349206349206349
150,41.821884,92.65092,0.06349206349206349
151,76.72655,172.00087,0.1
151,63.938435,136.9892,0.1
151,55.251804,116.63396,0.1
151,63.11447,129.71764,0.1
151,28.301025,57.861225,0.1
152,66.274185,142.66676,0.08
152,41.820374,89.7987,0.08
152,51.95668,111.34199,0.08
152,77.98565,177.22086,0.08
153,64.212746,139.19551,0.08695652173913043
153,51.462578,105.31819,0.08695652173913043
153,70.58023,154.88579,0.08695652173913043
153,34.83034,70.27048,0.08695652173913043
154,72.16853,158.90146,0.06349206349206349
154,68.52379,144.64732,0.06349206349206349
154,34.73157,73.520424,0.06349206349206349
154,50.399292,105.43905,0.06349206349206349
155,18.906658,40.593693,0.07692307692307693
155,26.261175,53.98411,0.07692307692307693
155,25.725527,51.949467,0.07692307692307693
155,71.58348,160.8913,0.07692307692307693
156,25.56691,56.61913,0.09302325581395349
156,58.66438,123.196434,0.09302325581395349
156,69.660034,149.14009,0.09302325581395349
156,49.178455,100.8944,0.09302325581395349
157,45.45839,96.07041,0.09803921568627451
157,10.375882,31.165043,0.09803921568627451
157,48.957527,103.56855,0.09803921568627451
157,54.52985,115.10457,0.09803921568627451
157,70.20552,153.27484,0.09803921568627451
158,60.494324,128.12039,0.06557377049180328
158,48.27575,107.03289,0.06557377049180328
158,34.28181,77.290855,0.06557377049180328
158,67.52366,149.25105,0.06557377049180328
159,43.951054,90.12643,0.10638297872340426
159,36.697372,73.2396,0.10638297872340426
159,49.554295,102.024925,0.10638297872340426
159,30.260576,63.696228,0.10638297872340426
159,51.790928,107.02644,0.10638297872340426
160,40.67428,85.95408,0.10256410256410256
160,74.71476,172.99799,0.10256410256410256
160,84.665474,201.22957,0.10256410256410256
160,83.7559,199.15549,0.10256410256410256
161,41.579872,88.34233,0.0847457627118644
161,57.705788,121.852104,0.0847457627118644
161,68.344955,143.60236,0.0847457627118644
161,21.387384,48.184837,0.0847457627118644
161,87.191185,203.94237,0.0847457627118644
162,66.137146,139.864,0.06060606060606061
162,43.953545,92.403824,0.06060606060606061
162,61.84301,129.82176,0.06060606060606061
162,27.461002,61.278206,0.06060606060606061
163,49.99583,96.873634,0.10810810810810811
163,39.461075,75.65641,0.10810810810810811
163,71.0482,151.24313,0.10810810810810811
163,70.754135,150.89159,0.10810810810810811
164,59.90388,123.35299,0.08163265306122448
164,42.892418,86.72664,0.08163265306122448
164,48.017227,96.86304,0.08163265306122448
164,30.635895,61.698273,0.08163265306122448
165,43.21871,91.920425,0.08163265306122448
165,17.597488,45.560402,0.08163265306122448
165,20.899876,52.285473,0.08163265306122448
165,70.10198,152.20586,0.08163265306122448
166,20.10377,49.785088,0.0851063829787234
166,66.238594,139.18396,0.0851063829787234
166,47.831852,102.04721,0.0851063829787234
166,9.533826,31.644415,0.0851063829787234
167,72.57599,157.6051,0.13953488372093023
167,38.578117,79.01783,0.13953488372093023
167,55.57287,113.80263,0.13953488372093023
167,30.041449,60.536865,0.13953488372093023
167,36.452385,74.69395,0.13953488372093023
167,77.72546,169.13399,0.13953488372093023
168,62.725327,129.29933,0.13513513513513514
168,39.95534,84.616035,0.13513513513513514
168,47.24912,97.75293,0.13513513513513514
168,61.161198,128.86012,0.13513513513513514
168,50.26131,104.694916,0.13513513513513514
169,33.83719,66.92031,0.08695652173913043
169,27.930017,57.206657,0.08695652173913043
169,76.69394,171.87549,0.08695652173913043
169,55.631573,114.15661,0.08695652173913043
170,25.595947,56.44278,0.11764705882352941
170,42.564827,90.78975,0.11764705882352941
170,36.290184,78.348564,0.11764705882352941
170,22.83349,50.4747,0.11764705882352941
171,30.717663,54.435936,0.08333333333333333
171,55.89655,109.718445,0.08333333333333333
171,54.550953,107.897606,0.08333333333333333
171,16.962904,35.05334,0.08333333333333333
172,71.13764,145.25539,0.10204081632653061
172,42.6058,84.30869,0.10204081632653061
172,60.271065,120.97466,0.10204081632653061
172,71.91261,153.52925,0.10204081632653061
172,33.745243,69.73578,0.10204081632653061
173,31.04591,66.26234,0.11904761904761904
173,33.035927,67.049515,0.11904761904761904
173,75.84728,164.91284,0.11904761904761904
173,70.562706,155.79474,0.11904761904761904
173,59.2592,124.44854,0.11904761904761904
174,53.136265,111.7974,0.07692307692307693
174,37.157864,81.13055,0.07692307692307693
174,84.1106,199.73157,0.07692307692307693
174,32.68732,72.257034,0.07692307692307693
175,64.34903,132.48,0.09259259259259259
175,24.465797,51.25153,0.09259259259259259
175,67.33184,137.16096,0.09259259259259259
175,49.274483,96.88127,0.09259259259259259
175,59.67179,121.84969,0.09259259259259259
176,66.06529,137.83463,0.10416666666666667
176,76.99338,167.13812,0.10416666666666667
176,51.193718,107.23674,0.10416666666666667
176,25.916452,54.584396,0.10416666666666667
176,40.33902,86.35121,0.10416666666666667
177,47.088673,101.78375,0.0975609756097561
177,64.813515,141.56003,0.0975609756097561
177,14.333193,34.916046,0.0975609756097561
177,68.55585,149.07086,0.0975609756097561
178,62.039364,132.39667,0.09090909090909091
178,19.547089,44.60407,0.09090909090909091
178,52.952866,113.94512,0.09090909090909091
178,6.63455,24.995155,0.09090909090909091
179,72.107864,151.69885,0.08163265306122448
179,55.719257,112.74348,0.08163265306122448
179,57.815487,117.494484,0.08163265306122448
179,55.675415,111.43699,0.08163265306122448
180,47.61518,100.72937,0.07692307692307693
180,14.971085,35.919697,0.07692307692307693
180,70.13707,149.49036,0.07692307692307693
180,28.821228,62.752335,0.07692307692307693
181,26.190712,57.889904,0.09090909090909091
181,70.8506,158.02055,0.09090909090909091
181,62.44003,138.74924,0.09090909090909091
181,43.282047,96.89283,0.09090909090909091
182,44.845898,102.37944,0.0975609756097561
182,65.16392,144.36937,0.0975609756097561
182,49.505657,109.1805,0.0975609756097561
182,67.96112,156.30185,0.0975609756097561
183,36.549107,73.30534,0.07272727272727272
183,75.96814,168.56082,0.07272727272727272
183,24.359879,50.540855,0.07272727272727272
183,42.587128,87.054016,0.07272727272727272
184,33.60134,70.3321,0.06779661016949153
184,53.022003,109.984116,0.06779661016949153
184,60.15462,130.54196,0.06779661016949153
184,69.14737,154.72272,0.06779661016949153
185,32.105694,69.21664,0.08695652173913043
185,22.886522,51.397633,0.08695652173913043
185,62.703728,133.73936,0.08695652173913043
185,54.615047,113.10674,0.08695652173913043
186,34.409184,72.34771,0.1
186,66.28158,143.14505,0.1
186,56.95314,125.9569,0.1
186,25.81154,57.24035,0.1
186,85.25494,198.12888,0.1
187,64.12822,132.45474,0.08333333333333333
187,45.52903,92.24509,0.08333333333333333
187,37.94433,76.33139,0.08333333333333333
187,83.59673,187.10593,0.08333333333333333
188,83.2632,189.59424,0.10869565217391304
188,62.45496,128.97069,0.10869565217391304
188,50.463913,104.63694,0.10869565217391304
188,47.205013,98.852585,0.10869565217391304
188,58.2851,121.311844,0.10869565217391304
189,6.092249,27.81597,0.10416666666666667
189,60.390804,127.065506,0.10416666666666667
189,56.44598,119.93276,0.10416666666666667
189,47.765816,103.971375,0.10416666666666667
189,48.948044,105.498566,0.10416666666666667
190,72.580696,164.6751,0.10869565217391304
190,73.48618,164.2394,0.10869565217391304
190,56.362804,124.7728,0.10869565217391304
190,40.845924,92.949104,0.10869565217391304
190,38.146084,83.6759,0.10869565217391304
191,35.38505,72.39455,0.13157894736842105
191,27.971037,57.55322,0.13157894736842105
191,50.35318,103.491,0.13157894736842105
191,46.964012,97.83501,0.13157894736842105
191,15.591224,35.49777,0.13157894736842105
192,63.446842,136.36316,0.1111111111111111
192,23.442379,50.601646,0.1111111111111111
192,56.278217,119.15602,0.1111111111111111
192,50.8387,105.732445,0.1111111111111111
192,67.24172,145.69728,0.1111111111111111
193,27.912258,56.765747,0.07017543859649122
193,25.339783,56.07925,0.07017543859649122
193,33.986095,68.73457,0.07017543859649122
193,21.832376,48.472496,0.07017543859649122
194,43.049026,87.35076,0.07407407407407407
194,63.428726,132.65828,0.07407407407407407
194,58.812916,122.2058,0.07407407407407407
194,76.72854,172.86136,0.07407407407407407
195,51.238155,103.45693,0.11428571428571428
195,72.20686,149.24158,0.11428571428571428
195,47.466263,94.53376,0.11428571428571428
195,68.08323,143.33188,0.11428571428571428
196,41.248714,80.50934,0.1
196,51.617012,104.43046,0.1
196,66.12451,137.1779,0.1
196,35.00042,70.62759,0.1
197,63.557903,133.95134,0.07272727272727272
197,65.9396,138.28186,0.07272727272727272
197,26.7139,55.12522,0.07272727272727272
197,33.30957,72.01729,0.07272727272727272
198,87.90652,207.36835,0.08888888888888889
198,22.628195,49.50432,0.08888888888888889
198,31.78294,66.30232,0.08888888888888889
198,71.89548,154.46294,0.08888888888888889
199,35.60671,76.34838,0.08888888888888889
199,24.044779,52.695633,0.08888888888888889
199,48.37054,97.886856,0.08888888888888889
199,61.694965,127.11234,0.08888888888888889
200,53.582634,113.037865,0.10869565217391304
200,63.65176,131.1136,0.10869565217391304
200,25.73767,56.625225,0.10869565217391304
200,28.392134,59.19583,0.10869565217391304
200,48.445774,102.17747,0.10869565217391304
201,37.516953,76.96166,0.08695652173913043
201,54.598083,107.9213,0.08695652173913043
201,49.33678,95.71459,0.08695652173913043
201,25.896393,50.54206,0.08695652173913043
202,37.18173,72.60668,0.1
202,41.05198,81.2745,0.1
202,38.3468,75.822296,0.1
202,27.196785,54.329666,0.1
203,93.0103,213.95605,0.08
203,54.977875,111.42224,0.08
203,61.04882,121.346924,0.08
203,16.666319,37.778732,0.08
204,70.57913,145.1516,0.06557377049180328
204,60.225716,126.73365,0.06557377049180328
204,54.848587,113.17756,0.06557377049180328
204,28.363205,57.23828,0.06557377049180328
205,73.52699,160.25269,0.11538461538461539
205,56.399025,115.097336,0.11538461538461539
205,73.16384,157.20723,0.11538461538461539
205,30.311218,63.694157,0.11538461538461539
205,66.203545,137.98126,0.11538461538461539
205,26.864912,56.34378,0.11538461538461539
206,57.57276,122.34461,0.09090909090909091
206,54.865623,112.85737,0.09090909090909091
206,66.82498,144.23175,0.09090909090909091
206,75.36894,164.43509,0.09090909090909091
207,66.81748,138.91183,0.07692307692307693
207,85.78093,192.56396,0.07692307692307693
207,22.81695,46.915092,0.07692307692307693
207,87.05511,191.88193,0.07692307692307693
208,39.448326,78.142296,0.09433962264150944
208,61.301193,128.25383,0.09433962264150944
208,31.337713,63.79922,0.09433962264150944
208,34.208122,68.85563,0.09433962264150944
208,44.881905,92.46287,0.09433962264150944
209,27.725393,61.437325,0.07547169811320754
209,74.039955,164.1171,0.07547169811320754
209,21.345285,47.081726,0.07547169811320754
209,54.969246,114.68823,0.07547169811320754
210,93.27074,224.62753,0.0975609756097561
210,60.744907,124.22476,0.0975609756097561
210,33.97706,72.44597,0.0975609756097561
210,38.081837,82.6896,0.0975609756097561
211,75.52933,162.78882,0.1111111111111111
211,50.533913,107.29933,0.1111111111111111
211,45.822613,92.61126,0.1111111111111111
211,25.231903,51.812187,0.1111111111111111
211,47.3279,99.824524,0.1111111111111111
212,70.85831,149.4134,0.0851063829787234
212,44.36918,90.9618,0.0851063829787234
212,69.37217,142.91504,0.0851063829787234
212,33.652195,70.72489,0.0851063829787234
213,35.94904,75.689575,0.11363636363636363
213,48.823772,100.808975,0.11363636363636363
213,22.187494,51.005077,0.11363636363636363
213,58.386925,124.41433,0.11363636363636363
213,19.141392,43.256397,0.11363636363636363
214,23.023726,50.87741,0.09302325581395349
214,68.7899,154.18106,0.09302325581395349
214,71.67569,159.4199,0.09302325581395349
214,62.663857,136.3743,0.09302325581395349
215,63.015488,132.94217,0.08888888888888889
215,88.3258,198.45673,0.08888888888888889
215,50.63535,102.504555,0.08888888888888889
215,31.399408,66.93978,0.08888888888888889
216,19.899076,47.562008,0.08771929824561403
216,63.93569,137.20695,0.08771929824561403
216,46.05586,99.20609,0.08771929824561403
216,74.94846,167.26978,0.08771929824561403
216,11.661745,30.641668,0.08771929824561403
217,55.924347,115.66398,0.08
217,79.46656,182.02972,0.08
217,76.91018,175.964,0.08
217,17.161861,38.95374,0.08
218,48.022087,99.856674,0.08333333333333333
218,30.551586,63.37558,0.08333333333333333
218,40.07651,80.776505,0.08333333333333333
218,38.863453,81.474205,0.08333333333333333
219,47.280067,97.21406,0.0851063829787234
219,6.054821,21.889236,0.0851063829787234
219,58.783195,120.32066,0.0851063829787234
219,33.92995,68.1369,0.0851063829787234
220,42.234142,85.93932,0.08064516129032258
220,32.24733,67.2775,0.08064516129032258
220,31.834759,66.71127,0.08064516129032258
220,69.254265,144.61726,0.08064516129032258
220,58.930435,123.23676,0.08064516129032258
221,16.717165,39.286896,0.0625
221,51.27672,106.38255,0.0625
221,24.42271,50.560337,0.0625
221,44.686916,93.66858,0.0625
222,50.232082,105.24463,0.06666666666666667
222,30.34613,62.77645,0.06666666666666667
222,14.394019,36.237648,0.06666666666666667
222,61.810036,131.60786,0.06666666666666667
223,46.78025,96.11467,0.06896551724137931
223,19.655306,43.512604,0.06896551724137931
223,70.140625,147.38454,0.06896551724137931
223,63.118015,129.35744,0.06896551724137931
224,21.94935,47.596313,0.0784313725490196
224,10.408667,29.13349,0.0784313725490196
224,27.570257,57.83825,0.0784313725490196
224,76.4522,169.6352,0.0784313725490196
225,78.10451,173.37328,0.11627906976744186
225,19.584526,42.261333,0.11627906976744186
225,25.442009,51.402626,0.11627906976744186
225,36.945755,76.23292,0.11627906976744186
225,22.632973,45.172115,0.11627906976744186
226,60.966084,129.96306,0.09302325581395349
226,56.647076,120.90015,0.09302325581395349
226,27.412457,63.58801,0.09302325581395349
226,70.16185,151.9295,0.09302325581395349
227,61.806473,123.3113,0.10638297872340426
227,45.409824,90.620705,0.10638297872340426
227,78.06726,165.54434,0.10638297872340426
227,61.947517,126.65313,0.10638297872340426
227,65.18997,132.95924,0.10638297872340426
228,46.106976,93.18559,0.08163265306122448
228,60.08837,123.89995,0.08163265306122448
228,78.34884,164.3131,0.08163265306122448
228,49.634335,101.56533,0.08163265306122448
229,70.27651,152.73532,0.09259259259259259
229,88.432976,204.7744,0.09259259259259259
229,50.755985,107.786415,0.09259259259259259
229,36.870193,79.28942,0.09259259259259259
229,30.69553,65.30364,0.09259259259259259
230,89.02657,210.40672,0.10256410256410256
230,51.972897,111.64371,0.10256410256410256
230,18.916628,42.03937,0.10256410256410256
230,74.55362,165.34875,0.10256410256410256
231,59.165604,123.49133,0.1388888888888889
231,42.452286,87.15408,0.1388888888888889
231,59.457436,122.95369,0.1388888888888889
231,48.70509,99.091606,0.1388888888888889
231,29.200977,59.216297,0.1388888888888889
232,56.884766,116.97875,0.09090909090909091
232,86.10306,201.45023,0.09090909090909091
232,37.996414,80.71568,0.09090909090909091
232,83.57344,184.02359,0.09090909090909091
233,63.213528,131.90561,0.08
233,70.10844,149.47229,0.08
233,48.391693,96.463356,0.08
233,72.037056,152.86217,0.08
234,29.218533,59.551544,0.1111111111111111
234,72.03493,153.71045,0.1111111111111111
234,54.487495,116.322205,0.1111111111111111
234,75.136665,160.54317,0.1111111111111111
234,62.86681,130.00842,0.1111111111111111
235,69.560394,144.48817,0.07692307692307693
235,58.108326,115.13914,0.07692307692307693
235,51.01645,97.73436,0.07692307692307693
235,36.72697,71.575935,0.07692307692307693
236,26.011183,54.23568,0.08163265306122448
236,98.85854,231.45341,0.08163265306122448
236,27.371433,53.22851,0.08163265306122448
236,46.46392,89.95951,0.08163265306122448
237,78.78412,175.66423,0.08695652173913043
237,61.360733,131.13515,0.08695652173913043
237,50.44961,103.10083,0.08695652173913043
237,20.788107,46.47898,0.08695652173913043
238,35.01224,75.46167,0.0784313725490196
238,69.87914,149.64545,0.0784313725490196
238,68.3208,145.34103,0.0784313725490196
238,35.47278,73.913414,0.0784313725490196
239,51.10227,103.45974,0.058823529411764705
239,59.873924,120.39865,0.058823529411764705
239,75.35378,159.02385,0.058823529411764705
239,40.258736,83.550446,0.058823529411764705
240,66.70074,136.52596,0.09302325581395349
240,65.09877,133.94595,0.09302325581395349
240,89.10253,204.96211,0.09302325581395349
240,91.14367,206.10559,0.09302325581395349
241,60.049515,126.37051,0.07407407407407407
241,49.829357,103.92574,0.07407407407407407
241,31.676731,70.56605,0.07407407407407407
241,44.527588,90.67436,0.07407407407407407
242,58.507782,128.20892,0.11363636363636363
242,78.27588,179.66486,0.11363636363636363
242,30.911257,65.10771,0.11363636363636363
242,41.443577,89.89967,0.11363636363636363
242,71.80802,157.06787,0.11363636363636363
243,20.01598,40.920296,0.06756756756756757
243,36.418255,73.642654,0.06756756756756757
243,78.05378,162.53233,0.06756756756756757
243,40.0003,81.657555,0.06756756756756757
243,51.5461,105.983185,0.06756756756756757
244,33.861046,68.81996,0.07407407407407407
244,33.89115,65.35477,0.07407407407407407
244,29.548702,59.782238,0.07407407407407407
244,59.726757,125.64501,0.07407407407407407
245,58.64943,124.94711,0.1111111111111111
245,78.810005,177.36592,0.1111111111111111
245,66.2267,141.31367,0.1111111111111111
245,24.971088,55.255035,0.1111111111111111
246,30.944302,70.3367,0.08888888888888889
246,57.055336,123.73676,0.08888888888888889
246,48.92882,107.738075,0.08888888888888889
246,16.590956,43.950535,0.08888888888888889
247,47.293007,94.15298,0.0851063829787234
247,51.2432,104.72698,0.0851063829787234
247,87.977325,204.90305,0.0851063829787234
247,34.432785,65.36473,0.0851063829787234
248,42.796726,91.636665,0.08695652173913043
248,72.56394,160.04964,0.08695652173913043
248,28.70994,57.703716,0.08695652173913043
248,67.54775,144.52856,0.08695652173913043
249,41.612274,83.07093,0.0975609756097561
249,2.7401783,16.346832,0.0975609756097561
249,47.204235,100.221085,0.0975609756097561
249,57.825405,122.29273,0.0975609756097561
250,27.695656,61.231186,0.08771929824561403
250,36.057404,82.57684,0.08771929824561403
250,47.416367,96.69751,0.08771929824561403
250,49.108543,104.46429,0.08771929824561403
250,49.274002,108.04805,0.08771929824561403
251,69.28212,148.91678,0.06666666666666667
251,75.17542,165.739,0.06666666666666667
251,43.46082,89.21414,0.06666666666666667
251,49.967934,104.67559,0.06666666666666667
252,21.357327,46.747616,0.11904761904761904
252,13.789567,33.083973,0.11904761904761904
252,73.039665,154.68411,0.11904761904761904
252,34.290726,70.03152,0.11904761904761904
252,33.776936,69.543755,0.11904761904761904
253,21.13036,45.247547,0.08695652173913043
253,22.996737,50.842915,0.08695652173913043
253,24.529024,50.987324,0.08695652173913043
253,43.241207,89.93529,0.08695652173913043
254,68.74817,152.95216,0.0975609756097561
254,68.94938,157.47511,0.0975609756097561
254,53.30345,117.22104,0.0975609756097561
254,66.43853,145.20802,0.0975609756097561
255,51.642372,105.04218,0.0851063829787234
255,23.775312,47.422077,0.0851063829787234
255,43.616814,88.27959,0.0851063829787234
255,34.28684,67.431465,0.0851063829787234
256,58.289078,123.56061,0.07547169811320754
256,22.60777,50.53082,0.07547169811320754
256,33.510628,70.67242,0.07547169811320754
256,44.061134,91.901825,0.07547169811320754
257,85.82704,200.18697,0.1111111111111111
257,55.48575,118.31415,0.1111111111111111
257,53.079315,113.49635,0.1111111111111111
257,23.805906,56.010403,0.1111111111111111
258,47.543972,106.46317,0.06779661016949153
258,30.559757,68.22519,0.06779661016949153
258,68.52229,145.566,0.06779661016949153
258,78.13802,171.99937,0.06779661016949153
259,82.90105,189.49524,0.08163265306122448
259,34.823708,71.01103,0.08163265306122448
259,61.26956,130.01456,0.08163265306122448
259,48.623173,106.99472,0.08163265306122448
260,48.942654,103.41717,0.09302325581395349
260,25.821312,64.27729,0.09302325581395349
260,57.314514,120.15639,0.09302325581395349
260,41.99756,93.72287,0.09302325581395349
261,57.83573,127.77824,0.12195121951219512
261,64.55801,142.9111,0.12195121951219512
261,67.28042,149.57442,0.12195121951219512
261,60.53108,134.90681,0.12195121951219512
261,55.897247,123.30854,0.12195121951219512
262,29.429146,66.33797,0.08
262,36.539062,84.20431,0.08
262,22.234392,58.535454,0.08
262,19.241102,52.036068,0.08
263,26.837337,59.92203,0.06451612903225806
263,33.34623,76.214745,0.06451612903225806
263,48.546543,106.25542,0.06451612903225806
263,38.35922,82.17275,0.06451612903225806
264,36.237022,82.6087,0.0851063829787234
264,33.405037,77.677666,0.0851063829787234
264,57.34891,123.57998,0.0851063829787234
264,50.69653,113.789795,0.0851063829787234
265,65.73451,136.70009,0.0851063829787234
265,68.07961,140.92845,0.0851063829787234
265,90.11187,207.67308,0.0851063829787234
265,46.904007,94.62655,0.0851063829787234
266,78.91116,177.63922,0.09090909090909091
266,66.57501,142.883,0.09090909090909091
266,30.761082,66.73284,0.09090909090909091
266,76.46175,169.54118,0.09090909090909091
266,71.99709,159.44687,0.09090909090909091
267,32.949287,68.9861,0.08108108108108109
267,39.070744,82.12191,0.08108108108108109
267,75.967354,161.20546,0.08108108108108109
268,53.360886,116.39248,0.1276595744680851
268,68.51501,146.24753,0.1276595744680851
268,76.374985,169.28725,0.1276595744680851
268,30.340645,71.72268,0.1276595744680851
268,61.1746,131.81033,0.1276595744680851
268,42.51128,92.21209,0.1276595744680851
269,30.334219,71.5253,0.07142857142857142
269,80.99175,185.78976,0.07142857142857142
269,54.781128,116.86636,0.07142857142857142
269,38.545673,84.478294,0.07142857142857142
270,72.425674,164.55869,0.1
270,86.08843,207.62032,0.1
270,35.528286,83.26104,0.1
270,41.358013,95.8643,0.1
270,20.325047,55.001972,0.1
271,37.33389,80.43711,0.07692307692307693
271,65.16095,139.21696,0.07692307692307693
271,30.828074,65.02237,0.07692307692307693
271,48.999718,107.08744,0.07692307692307693
271,83.51576,190.23167,0.07692307692307693
272,19.600143,53.3705,0.10638297872340426
272,19.265905,53.487347,0.10638297872340426
272,55.328083,121.62364,0.10638297872340426
272,47.383297,105.70591,0.10638297872340426
272,51.9155,115.14584,0.10638297872340426
273,19.342966,48.23898,0.09090909090909091
273,62.490208,135.13644,0.09090909090909091
273,68.45817,152.54912,0.09090909090909091
273,59.463207,129.6005,0.09090909090909091
273,72.81318,167.7546,0.09090909090909091
274,53.88778,122.25012,0.13513513513513514
274,64.52393,146.47194,0.13513513513513514
274,56.07358,125.307175,0.13513513513513514
274,55.701214,120.166756,0.13513513513513514
274,45.488464,103.32386,0.13513513513513514
275,78.53734,177.4317,0.11904761904761904
275,67.817665,149.36745,0.11904761904761904
275,34.138817,72.76987,0.11904761904761904
275,33.880116,74.80966,0.11904761904761904
275,62.358704,137.44194,0.11904761904761904
276,61.076366,135.50862,0.13793103448275862
276,54.262222,122.0883,0.13793103448275862
276,55.124825,121.55897,0.13793103448275862
276,37.190357,87.72996,0.13793103448275862
277,52.029903,111.70071,0.0847457627118644
277,65.6444,140.04851,0.0847457627118644
277,52.940666,114.70095,0.0847457627118644
277,62.257168,135.12491,0.0847457627118644
277,34.66608,77.62801,0.0847457627118644
278,61.901295,140.98625,0.11363636363636363
278,85.75883,212.95103,0.11363636363636363
278,36.7276,87.32354,0.11363636363636363
278,67.98791,154.06088,0.11363636363636363
278,44.040977,100.57996,0.11363636363636363
279,50.02272,110.138245,0.06896551724137931
279,72.34132,159.42789,0.06896551724137931
279,81.7162,187.3252,0.06896551724137931
279,35.331306,78.56274,0.06896551724137931
280,66.27055,148.09627,0.09259259259259259
280,87.63422,209.65625,0.09259259259259259
280,44.34094,103.63557,0.09259259259259259
280,20.554861,55.135914,0.09259259259259259
280,43.124195,101.7229,0.09259259259259259
281,26.256325,57.806038,0.046875
281,85.24686,197.85217,0.046875
281,45.344772,94.71942,0.046875
282,65.76345,146.78226,0.07272727272727272
282,68.96302,154.59576,0.07272727272727272
282,58.5031,131.41449,0.07272727272727272
282,41.502964,97.87065,0.07272727272727272
283,42.429287,90.96589,0.08
283,23.125402,54.464508,0.08
283,63.223877,138.08527,0.08
283,48.31175,106.15,0.08
284,63.602352,143.54118,0.08620689655172414
284,29.274776,71.176895,0.08620689655172414
284,39.241425,89.239006,0.08620689655172414
284,49.044777,112.541405,0.08620689655172414
284,74.310265,170.5152,0.08620689655172414
285,31.224234,69.79791,0.15625
285,59.813793,127.779884,0.15625
285,20.687792,53.940777,0.15625
285,39.78051,89.4255,0.15625
285,73.821724,168.19019,0.15625
286,49.593185,114.68416,0.09090909090909091
286,19.772331,54.875687,0.09090909090909091
286,40.684994,95.24535,0.09090909090909091
286,47.91035,108.351074,0.09090909090909091
287,59.35574,130.98987,0.06153846153846154
287,35.24216,79.55718,0.06153846153846154
287,37.142334,83.9595,0.06153846153846154
287,71.56021,154.8875,0.06153846153846154
288,80.26426,189.24419,0.10204081632653061
288,21.559471,57.478146,0.10204081632653061
288,65.02684,147.66095,0.10204081632653061
288,33.79913,82.75241,0.10204081632653061
288,72.50433,172.06705,0.10204081632653061
289,87.875916,204.24014,0.13333333333333333
289,61.956604,136.77692,0.13333333333333333
289,84.68957,193.70642,0.13333333333333333
289,42.64394,89.57627,0.13333333333333333
290,67.23465,145.98882,0.09090909090909091
290,79.50578,181.90622,0.09090909090909091
290,29.199144,68.88848,0.09090909090909091
290,82.32792,193.99815,0.09090909090909091
290,89.254814,212.70483,0.09090909090909091
291,57.896763,122.69529,0.0851063829787234
291,58.33579,124.206924,0.0851063829787234
291,65.58939,138.54015,0.0851063829787234
291,61.490818,130.98018,0.0851063829787234
292,69.366,148.85698,0.0975609756097561
292,21.101341,44.525394,0.0975609756097561
292,62.871017,133.15343,0.0975609756097561
292,66.6266,142.23955,0.0975609756097561
293,39.012253,89.03764,0.10869565217391304
293,83.03894,197.67523,0.10869565217391304
293,61.073185,137.37682,0.10869565217391304
293,76.97827,177.17299,0.10869565217391304
293,71.66424,165.61674,0.10869565217391304
294,74.66455,168.75414,0.0975609756097561
294,77.440575,179.50327,0.0975609756097561
294,36.766727,90.73784,0.0975609756097561
294,24.209576,63.297176,0.0975609756097561
295,48.597965,104.67562,0.11363636363636363
295,46.318108,100.3543,0.11363636363636363
295,35.12714,79.626434,0.11363636363636363
295,55.172207,118.18505,0.11363636363636363
295,53.993046,115.84544,0.11363636363636363
296,59.17794,128.95837,0.0851063829787234
296,69.46948,151.18764,0.0851063829787234
296,70.144485,154.29216,0.0851063829787234
296,77.75324,176.96541,0.0851063829787234
297,45.480747,98.07111,0.10810810810810811
297,56.161682,119.75161,0.10810810810810811
297,28.508276,65.8272,0.10810810810810811
297,45.475685,94.90959,0.10810810810810811
298,48.092373,107.13998,0.07407407407407407
298,19.352497,52.745518,0.07407407407407407
298,51.035423,114.90398,0.07407407407407407
298,68.02472,148.22336,0.07407407407407407
299,52.09492,110.661896,0.13513513513513514
299,53.710346,112.8855,0.13513513513513514
299,26.157887,55.401985,0.13513513513513514
299,60.038757,126.59196,0.13513513513513514
299,29.608715,64.69857,0.13513513513513514
300,55.410862,124.2547,0.10810810810810811
300,25.153158,58.501244,0.10810810810810811
300,61.359158,133.32652,0.10810810810810811
300,83.83708,193.81895,0.10810810810810811
